,gene,pLI,oe_lof,oe_lof_lower,oe_lof_upper
0,PPM1D,2.2321e-11,0.75444,0.53,1.096
1,SPR,0.0434,0.44121000000000005,0.2,1.138
2,SULF1,0.0013751,0.29954000000000003,0.199,0.461
3,SMAD3,0.79796,0.17497000000000001,0.085,0.4
4,SOX5,0.99995,0.072808,0.032,0.188
5,GTPBP3,4.1886e-09,0.79482,0.531,1.224
6,NPC1,6.5418e-06,0.33746,0.238,0.486
7,H6PD,8.5874e-09,0.6271399999999999,0.428,0.941
8,MYLPF,0.76035,0.11029000000000001,0.038,0.523
9,COG5,9.7667e-20,0.7338600000000001,0.563,0.965
10,UBA2,0.99851,0.093209,0.041,0.241
11,TNXB,0.018547,0.321,0.182,0.603
12,TCTN1,1.0708e-15,0.8826299999999999,0.642,1.233
13,SLC16A5,1.9979e-10,0.9915799999999999,0.662,1.522
14,GNAO1,0.9896299999999999,0.055101,0.019,0.261
15,AGR2,9.2381e-08,0.9668899999999999,0.607,1.582
16,CD19,0.90496,0.16879,0.087,0.355
17,AP4B1,1.335e-09,0.56921,0.399,0.827
18,VAC14,0.18554,0.24141999999999997,0.145,0.421
19,UVRAG,0.9894200000000001,0.13993,0.072,0.294
20,TRPV4,2.237e-16,0.77491,0.576,1.057
21,ARMC3,3.5404e-13,0.65291,0.478,0.906
22,MT-CO1,[],[],[],[]
23,ARID1B,1.0,0.044396,0.021,0.102
24,AIMP2,0.008024,0.45985,0.239,0.967
25,SCN4A,0.01294,0.25766999999999995,0.179,0.378
26,MICU1,1.9344e-13,0.8962600000000001,0.635,1.291
27,FAM189B,8.055399999999999e-06,0.47236999999999996,0.307,0.751
28,TTI1,4.8982e-10,0.5697300000000001,0.403,0.82
29,TCF7L2,0.9953700000000001,0.11922999999999999,0.058,0.273
30,KAT6B,1.0,0.060836,0.031,0.128
31,DYRK1A,0.9996700000000001,0.082845,0.037,0.214
32,TRIO,1.0,0.088725,0.058,0.139
33,ZCCHC11,1.0,0.046618,0.022,0.107
34,FLNC,0.9999399999999999,0.16868,0.116,0.25
35,PMPCA,3.437e-11,0.7364,0.517,1.07
36,AARS2,4.9776999999999996e-17,0.62983,0.48,0.835
37,NOTCH2,1.0,0.058619000000000004,0.031,0.116
38,U2SURP,1.0,0.016335,0.005,0.077
39,ALG14,0.00093727,0.60629,0.331,1.196
40,DOCK8,1.487e-11,0.36499000000000004,0.282,0.477
41,KMT2B,1.0,0.026914999999999998,0.011,0.07
42,GALT,2.0533000000000003e-06,0.5433899999999999,0.353,0.864
43,TRIP12,1.0,0.018956,0.007,0.06
44,KCND3,0.98972,0.088568,0.035,0.279
45,ATP7A,0.9998299999999999,0.09424600000000001,0.045,0.216
46,TTC21B,2.704e-26,0.67797,0.543,0.852
47,UBE2A,0.815,0.0,0.0,0.537
48,GABRG2,0.73852,0.18958,0.098,0.399
49,UNC13A,1.0,0.09082799999999999,0.054,0.158
50,NDUFA9,0.0047988,0.35453,0.207,0.64
51,CAMK2B,0.7391399999999999,0.20197,0.118,0.364
52,SPINK5,4.846e-28,0.73969,0.592,0.93
53,CHRND,5.446600000000001e-09,0.65215,0.445,0.978
54,TBCD,1.0032e-07,0.35565,0.26,0.493
55,MRPS7,0.0012591,0.56917,0.311,1.123
56,DCC,0.9944799999999999,0.18387,0.122,0.283
57,NCOA1,0.9998100000000001,0.14577,0.089,0.247
58,CHD5,1.0,0.089818,0.053,0.157
59,FMN1,3.5863e-18,0.7044199999999999,0.537,0.934
60,ERCC3,3.4312e-11,0.55866,0.404,0.786
61,F10,2.3473e-06,0.59856,0.383,0.97
62,LOC100507389,[],[],[],[]
63,ZDHHC9,0.73749,0.15225,0.061,0.479
64,EMC1,6.7281e-26,0.7890199999999999,0.622,1.009
65,TCF7L1,0.36022,0.22666,0.123,0.447
66,ACTC1,0.73668,0.15238,0.061,0.48
67,ADCK4,2.8159e-13,0.7822399999999999,0.562,1.108
68,ZBTB47,0.9998299999999999,0.0,0.0,0.12
69,GABRB3,0.9513799999999999,0.13198,0.059,0.341
70,EGFL6,9.981799999999999e-13,0.8849100000000001,0.622,1.286
71,C2CD3,4.4437e-19,0.50333,0.396,0.644
72,KCNE1,0.003396,1.4807,0.562,1.927
73,CNOT1,1.0,0.007997800000000001,0.002,0.038
74,SCN2A,1.0,0.060487,0.031,0.127
75,MORC1,5.8802e-06,0.34762,0.244,0.505
76,ATRAID,0.00010516,0.62288,0.365,1.124
77,USH1G,3.7480999999999996e-05,0.62273,0.374,1.087
78,KMT2D,1.0,0.066852,0.044,0.103
79,SLC25A19,0.64923,0.16633,0.067,0.524
80,ARL13B,2.6559e-09,0.69124,0.472,1.037
81,RERE,1.0,0.046333,0.02,0.12
82,L1CAM,1.0,0.040841,0.016,0.129
83,SZT2,2.3263e-14,0.32693,0.265,0.405
84,ZMYND8,1.0,0.050672,0.022,0.131
85,AVPR2,0.55589,0.15079,0.053,0.715
86,ABHD16B,7.437100000000001e-05,0.6597,0.386,1.19
87,NEUROD2,0.9420200000000001,0.0,0.0,0.332
88,ALMS1,4.499899999999999e-60,0.74774,0.641,0.874
89,ARF1,0.8996700000000001,0.0,0.0,0.402
90,KCNB1,0.99977,0.0,0.0,0.125
91,KLHL14,0.0535,0.2745,0.16,0.495
92,BCL11B,0.9888100000000001,0.089479,0.036,0.282
93,CCT6A,0.9953200000000001,0.080966,0.032,0.255
94,AACS,9.127499999999999e-17,0.79801,0.593,1.088
95,FBN2,1.0,0.14342,0.101,0.205
96,UQCC3,[],[],[],[]
97,TTN,2.5581999999999993e-96,0.3268,0.301,0.354
98,CLTC,1.0,0.045332,0.021,0.104
99,PCCB,1.53e-08,0.59613,0.407,0.894
100,ELOVL3,0.01884,0.45285,0.222,1.036
101,LOC81691,[],[],[],[]
102,POLR3D,3.8286e-11,0.8405100000000001,0.58,1.246
103,MYBPC2,3.8251999999999994e-23,0.74788,0.585,0.964
104,NAP1L5,0.6928,0.0,0.0,0.772
105,SPG11,1.6012999999999998e-39,0.67499,0.563,0.812
106,ZNF534,1.2886e-06,1.2841,0.733,1.889
107,LAS1L,0.99955,0.037645,0.012,0.179
108,RAPSN,0.0015148,0.41056000000000004,0.24,0.741
109,TTC39A,0.0006305,0.34521,0.22,0.559
110,YWHAZ,0.93965,0.075172,0.026,0.357
111,ATP7B,4.8001e-30,0.93189,0.737,1.188
112,DUSP22,0.0093421,0.44423999999999997,0.231,0.934
113,TNPO2,1.0,0.041138,0.016,0.129
114,MECP2,0.8938200000000001,0.085755,0.029,0.407
115,TSEN54,1.7512e-07,0.57282,0.382,0.882
116,KSR2,1.0,0.041703,0.016,0.131
117,ETS2,0.9988799999999999,0.041457,0.014,0.197
118,CHD1,1.0,0.092848,0.055,0.162
119,MACF1,1.0,0.056464999999999994,0.038,0.084
120,MT-TP,[],[],[],[]
121,KCNJ10,0.1502,0.29429,0.133,0.761
122,PLP1,0.92845,0.0,0.0,0.355
123,ATP1A2,0.00018093,0.32613000000000003,0.22,0.495
124,C17orf62,0.0006032,0.66673,0.364,1.312
125,B9D2,5.2557e-05,0.85657,0.485,1.575
126,B9D1,0.0028034,0.48208999999999996,0.263,0.952
127,SMARCA4,1.0,0.011662,0.003,0.055
128,KLF8,0.0022471,0.62735,0.327,1.313
129,CACHD1,5.827600000000001e-09,0.40925,0.297,0.572
130,TCIRG1,2.3981e-13,0.62763,0.462,0.866
131,LRP1,1.0,0.032397,0.018,0.058
132,QRICH1,0.9957600000000001,0.1309,0.067,0.275
133,ZMYM2,0.6664800000000001,0.2157,0.143,0.332
134,MN1,0.9999899999999999,0.0,0.0,0.087
135,POLG,2.0755999999999997e-09,0.40210999999999997,0.295,0.555
136,ANKRD46,0.51507,0.18958,0.077,0.597
137,PHLPP1,0.9992700000000001,0.14251,0.083,0.257
138,GYS1,0.0002914,0.33721999999999996,0.222,0.527
139,SMARCC2,1.0,0.045283,0.02,0.117
140,CDK5RAP3,7.6348e-15,0.7793399999999999,0.57,1.081
141,DYSF,3.6528e-33,0.60343,0.498,0.734
142,ACAN,1.0,0.097582,0.054,0.183
143,DOHH,0.015986,0.47423999999999994,0.233,1.084
144,MRPL58,[],[],[],[]
145,ATXN,[],[],[],[]
146,TSC2,1.0,0.023406,0.009,0.074
147,COG7,2.5926e-07,0.44588,0.307,0.661
148,SGCE,0.023761,0.2975,0.174,0.537
149,AMER1,0.8538,0.17658,0.091,0.371
150,TMEM138,0.047034,0.42876000000000003,0.194,1.106
151,CC2D2A,1.6721e-27,0.6274,0.507,0.781
152,NBEA,1.0,0.035174000000000004,0.017,0.074
153,KCTD2,0.20119,0.26974000000000004,0.122,0.697
154,RAD51,0.026577999999999997,0.32635,0.178,0.644
155,HSPG2,1.0375999999999998e-19,0.34121,0.283,0.412
156,GLE1,2.0536000000000003e-10,0.53084,0.381,0.752
157,DACH1,0.99954,0.0,0.0,0.135
158,MBD6,0.9993700000000001,0.06654700000000001,0.026,0.209
159,SACS,1.0852000000000001e-23,0.43656000000000006,0.357,0.536
160,GUCY1B3,2.5834e-05,0.42444,0.275,0.675
161,ADAMTSL4,2.6008e-28,0.85735,0.678,1.093
162,TCTN2,1.8379e-14,0.71799,0.528,0.99
163,TNNI2,0.14351,0.29835,0.135,0.771
164,AFF3,0.9999600000000001,0.1179,0.066,0.221
165,CHD3,1.0,0.08658500000000001,0.052,0.147
166,SON,1.0,0.051624,0.024,0.118
167,CFTR,2.1735e-58,1.0903,0.913,1.307
168,CYP11B2,7.1321e-19,1.1349,0.831,1.572
169,ATP2C2,5.024599999999999e-60,1.5302,1.268,1.838
170,SGSH,0.00010158,0.47413999999999995,0.291,0.804
171,COL25A1,1.6393000000000002e-18,0.6667,0.512,0.877
172,ADCY2,0.99898,0.14484,0.084,0.261
173,TTLL10,1.2286e-11,0.77894,0.547,1.132
174,GALK1,1.042e-05,0.64398,0.396,1.092
175,SLC35B4,2.6127e-05,0.5674399999999999,0.349,0.963
176,GMPPB,8.437000000000001e-07,0.67389,0.431,1.092
177,HIVEP2,1.0,0.025372,0.009,0.08
178,DROSHA,0.093176,0.23908000000000001,0.167,0.347
179,ANK3,1.0,0.049308,0.028,0.089
180,TNFAIP3,0.99972,0.062105999999999995,0.024,0.196
181,RANBP2,1.0,0.085586,0.053,0.142
182,RARS2,7.7352e-14,0.6694399999999999,0.492,0.923
183,FBXO11,1.0,0.02046,0.006,0.097
184,MAGEL2,0.97506,0.09915,0.04,0.312
185,AGT,4.9706e-08,0.89384,0.572,1.445
186,DALRD3,1.6886000000000002e-10,0.7708,0.532,1.143
187,ADGRL3,[],[],[],[]
188,SLC12A6,0.011377,0.26327,0.179,0.395
189,INPPL1,0.0023313,0.28188,0.192,0.423
190,OTOP3,3.6938e-11,0.78428,0.546,1.151
191,MFN2,0.99415,0.13395,0.069,0.282
192,WHSC1,1.0,0.045949000000000004,0.02,0.119
193,SPTB,1.0,0.080201,0.047,0.14
194,GRB2,0.93934,0.07525599999999999,0.026,0.357
195,PLK3,1.8503999999999999e-06,0.46297,0.309,0.713
196,TNFSF18,0.00019152,0.85556,0.466,1.627
197,CLCN1,3.2501e-20,0.75546,0.58,0.994
198,CSPP1,3.2599999999999997e-29,0.74378,0.598,0.931
199,OFD1,0.95968,0.17119,0.096,0.322
200,TMEM108,0.99555,0.0,0.0,0.187
201,RYR1,1.5944e-29,0.38498000000000004,0.326,0.456
202,CIC,0.9999899999999999,0.080123,0.038,0.183
203,MED12,1.0,0.022555000000000002,0.008,0.071
204,FREM2,3.5958e-11,0.36258,0.279,0.475
205,KIF7,2.2711e-22,0.71773,0.561,0.926
206,HCLS1,1.3157e-06,0.47634,0.318,0.733
207,GABRA1,0.91489,0.14198,0.064,0.367
208,DNAJC13,1.0,0.13129000000000002,0.089,0.197
209,AHI1,1.0773e-25,0.74665,0.591,0.95
210,PHF8,0.99785,0.12495999999999999,0.064,0.263
211,MEIS1,0.99951,0.0,0.0,0.136
212,RAC3,0.0026125,0.6037899999999999,0.314,1.266
213,NUP188,0.9542799999999999,0.20437,0.143,0.297
214,GPX4,4.7865e-05,0.7088399999999999,0.415,1.278
215,CTCF,0.9999399999999999,0.031238,0.01,0.148
216,KIAA0930,6.9792e-05,0.4973,0.306,0.844
217,PADI2,4.9471e-11,0.62389,0.445,0.891
218,SAP30L,0.0014279000000000002,0.5541699999999999,0.302,1.094
219,SAE1,0.9876,0.056612,0.019,0.269
220,MCF2L2,1.1565000000000001e-24,0.71087,0.563,0.904
221,KIF5C,1.0,0.037254,0.014,0.117
222,RPGRIP1L,4.083e-31,0.76685,0.619,0.956
223,MID1,0.97967,0.09647599999999999,0.038,0.304
224,C10ORF2,[],[],[],[]
225,HUWE1,1.0,0.026088,0.012,0.06
226,C3ORF58,[],[],[],[]
227,SNAPC1,2.3628e-16,1.079,0.775,1.527
228,DYNC1H1,1.0,0.048236,0.029,0.08
229,C5ORF30,[],[],[],[]
230,LGR6,2.9439e-06,0.42053,0.284,0.639
231,ANKRD11,1.0,0.046779,0.022,0.107
232,URB1,1.2230999999999999e-17,0.45883,0.361,0.587
233,H3F3B,0.80682,0.0,0.0,0.551
234,CHST2,0.018039,0.38574,0.201,0.811
235,KIAA1109,3.2559e-21,0.34174,0.286,0.41
236,PLXNB3,0.23163000000000003,0.23354,0.151,0.371
237,SAP30BP,0.00011365,0.46758,0.287,0.793
238,GUCY1A3,3.1253e-08,0.56013,0.382,0.84
239,MKS1,3.3768e-16,0.76431,0.568,1.042
240,ACO2,0.20790999999999998,0.23899,0.143,0.417
241,SCN11A,6.9339e-26,0.65875,0.527,0.828
242,DHCR7,3.949e-13,0.9283100000000001,0.652,1.349
243,UNC13D,1.091e-18,0.59397,0.46,0.773
244,TFE3,0.97985,0.061175,0.021,0.29
245,RTTN,8.9747e-34,0.60847,0.503,0.739
246,DOCK10,2.5524e-06,0.29051,0.22,0.387
247,MEGF9,0.9881,0.05625499999999999,0.019,0.267
248,ZMIZ1,0.9993700000000001,0.13435,0.075,0.252
249,PDHX,9.7242e-05,0.43377,0.272,0.718
250,MECR,2.2332e-05,0.51227,0.321,0.848
251,CYC1,0.13875,0.27936,0.137,0.639
252,C5ORF42,[],[],[],[]
253,DOK7,0.00010263,0.53515,0.322,0.934
254,MFAP4,0.11416,0.29141999999999996,0.143,0.667
255,GNB1,0.9992,0.0,0.0,0.145
256,ND5,[],[],[],[]
257,DMXL1,1.0,0.13771,0.095,0.202
258,ABL1,0.99998,0.068016,0.03,0.176
259,HID1,0.026841000000000004,0.27744,0.17,0.471
260,NUP85,1.0,0.046109,0.018,0.145
261,FDX1,0.086575,0.44298000000000004,0.18,1.361
262,SSPO,[],[],[],[]
263,RBM27,0.9999899999999999,0.10960999999999999,0.061,0.206
264,TMEM67,2.0654e-24,0.73805,0.582,0.944
265,GAA,2.8174e-18,0.73674,0.56,0.981
266,ANK2,1.0,0.062573,0.038,0.106
267,COL1A1,1.0,0.0461,0.022,0.105
268,DMGDH,2.0503000000000003e-24,0.8980799999999999,0.694,1.173
269,TRAPPC5,0.22841,0.31865,0.111,1.422
270,PTPN11,0.99998,0.028439,0.009,0.135
271,COL6A1,0.99995,0.12599000000000002,0.073,0.227
272,ARID1A,1.0,0.022463,0.008,0.071
273,MYH11,0.77299,0.2169,0.156,0.305
274,RELN,1.0,0.12412999999999999,0.088,0.176
275,TPP1,6.256399999999999e-07,0.50825,0.339,0.783
276,KIAA1210,0.0091034,0.28058,0.182,0.446
277,MEX3C,0.86192,0.131,0.053,0.412
278,TSFM,1.9197e-09,0.93132,0.614,1.453
279,LAMA2,2.4118e-47,0.62084,0.528,0.732
280,NOTCH1,1.0,0.046153,0.023,0.097
281,GRIN2A,0.99998,0.08196,0.039,0.188
282,CACNA1H,4.7778e-10,0.3753,0.282,0.504
283,KDM5C,1.0,0.072601,0.035,0.166
284,CACNA1C,1.0,0.048672,0.024,0.102
285,TUBB3,0.9676100000000001,0.066472,0.023,0.315
286,ADAMTS10,0.84288,0.20355,0.129,0.33
287,ATG4D,0.00026752,0.4227,0.26,0.717
288,RECQL5,3.1723e-18,0.7340800000000001,0.558,0.977
289,FLNA,1.0,0.026139999999999997,0.01,0.082
290,USP7,1.0,0.012958,0.004,0.061
291,C2orf61,9.5142e-05,0.63334,0.371,1.143
292,MYLK4,3.0554000000000003e-13,0.94094,0.661,1.367
293,FOXP1,0.99998,0.06776499999999999,0.03,0.175
294,TBCB,0.011028,0.42816000000000004,0.223,0.9
295,ATXN1,0.97498,0.12209,0.055,0.316
296,SHANK2,8.4299e-07,0.32996,0.241,0.458
297,KANSL1,0.99972,0.1204,0.065,0.238
298,KIF1B,1.0,0.10332000000000001,0.064,0.171
299,CITED2,0.76271,0.0,0.0,0.628
300,WWOX,1.2376e-15,1.0742,0.766,1.532
301,SLC13A5,0.00050598,0.39437,0.242,0.669
302,F8,1.0,0.028416000000000004,0.011,0.089
303,OPHN1,0.99985,0.033915,0.011,0.161
304,PI4KA,3.1234e-12,0.35739,0.279,0.461
305,ABCA4,5.349899999999999e-48,0.7633300000000001,0.642,0.91
306,PIEZO1,3.9379000000000006e-21,0.46437,0.373,0.581
307,EP300,1.0,0.049966,0.026,0.099
308,SS18L1,0.98229,0.13366,0.065,0.306
309,MT-CYB,[],[],[],[]
310,CEP250,9.448999999999999e-33,0.5350699999999999,0.444,0.647
311,PLEKHG1,0.012728,0.26759,0.178,0.412
312,KIF25,9.635700000000002e-07,0.75274,0.473,1.246
313,TYMP,0.00011694,0.52494,0.315,0.916
314,DNAH14,2.6938e-16,1.0717,0.77,1.517
315,GGA3,1.6701e-06,0.46691000000000005,0.311,0.719
316,TNNT3,2.0758000000000004e-07,0.62368,0.411,0.975
317,KCNH2,0.99593,0.13054000000000002,0.067,0.274
318,SLC12A2,0.9615299999999999,0.18752,0.117,0.31
319,EDEM1,1.0594000000000001e-13,0.7739,0.56,1.088
320,SUMO2,0.8694299999999999,0.0,0.0,0.45
321,CEP290,1.0548999999999998e-60,0.8366399999999999,0.713,0.985
322,GJD3,3.3471e-05,1.3004,0.678,1.903
323,METTL5,5.1688000000000004e-05,0.70009,0.41,1.262
324,TCN2,1.0478e-06,0.58497,0.38,0.93
325,EPN2,0.74755,0.18868,0.098,0.397
326,TCTN3,4.1528e-12,0.72839,0.519,1.04
327,IFT172,3.2682e-33,0.61948,0.511,0.755
328,BMP4,0.9564,0.07033099999999999,0.024,0.334
329,NEFL,[],[],[],[]
330,SOS1,1.0,0.066728,0.034,0.14
331,TMEM216,0.0018855,0.6561600000000001,0.342,1.37
332,RRM2B,0.002357,0.38716999999999996,0.226,0.699
333,NALCN,8.5243e-14,0.40247,0.313,0.522
334,RPL15,0.97146,0.0,0.0,0.272
335,MMACHC,1.1402e-13,1.2143,0.837,1.755
336,TBCK,2.0934999999999998e-15,0.6454,0.484,0.871
337,ZC4H2,0.9075200000000001,0.0,0.0,0.39
338,NACC1,0.9976299999999999,0.0,0.0,0.169
339,SRPK3,0.29235,0.23546999999999998,0.122,0.495
340,RBM10,1.0,0.023218,0.007,0.11
341,TMEM39B,0.0065082,0.34213000000000005,0.2,0.617
342,ZNF227,9.2465e-11,0.6430899999999999,0.455,0.926
343,ALDOA,0.0013228,0.41827,0.244,0.755
344,ZNRF4,0.48866000000000004,0.0,0.0,1.417
345,ECI1,1.5853e-12,1.2899,0.867,1.837
346,GPRASP1,0.31099,0.23056,0.134,0.416
347,TMCO2,5.4723000000000004e-05,0.85024,0.482,1.566
348,CHD2,1.0,0.027031,0.011,0.07
349,SLC52A2,0.0024776999999999998,0.49423999999999996,0.27,0.975
350,MSRA,1.5332000000000001e-15,1.491,1.024,1.917
351,SCN8A,1.0,0.061953999999999995,0.031,0.13
352,COL6A2,6.5112e-08,0.40506,0.288,0.578
353,RPS23,0.85944,0.0,0.0,0.465
354,PHKA1,2.0904e-07,0.38306999999999997,0.273,0.547
355,GLB1,7.921499999999999e-10,0.59208,0.416,0.86
356,SLCO5A1,1.5378e-06,0.47013,0.314,0.724
357,UPF1,1.0,0.071,0.034,0.162
358,ARID4A,1.0,0.060714,0.029,0.139
359,PUM2,0.99492,0.16262000000000001,0.097,0.284
360,SETX,0.95483,0.20526999999999998,0.145,0.296
361,SCN7A,2.1568e-17,0.5958399999999999,0.457,0.784
362,KCNQ2,0.99998,0.050283999999999995,0.02,0.158
363,IFT140,9.914e-24,0.64444,0.511,0.818
364,DNAH7,1.3504999999999999e-71,0.72765,0.633,0.837
365,SATB2,0.9999899999999999,0.0,0.0,0.091
366,TBL1XR1,0.99995,0.0,0.0,0.106
367,SCARA3,2.9816e-08,0.67873,0.453,1.045
368,GBE1,1.1497e-12,0.6913199999999999,0.5,0.972
369,ELP2,4.1811e-20,0.67737,0.525,0.882
370,MAPK8IP3,1.0,0.071508,0.036,0.15
371,ADCY5,0.99928,0.13523,0.076,0.254
372,ATAD3B,1.0032e-22,1.0995,0.829,1.477
373,KCNT1,2.7613e-05,0.32431,0.227,0.471
374,PCDHB4,7.0275e-12,0.92694,0.64,1.374
375,TMEM237,1.8704e-12,0.85719,0.602,1.246
376,CASKIN2,0.99971,0.11023,0.057,0.232
377,SCN9A,4.752399999999999e-19,0.54886,0.429,0.708
378,KLF6,0.97946,0.0,0.0,0.252
379,SLC4A2,0.98521,0.17155,0.102,0.299
380,SCN1A,1.0,0.022602,0.008,0.071
381,SYNGAP1,1.0,0.0,0.0,0.052
382,SCN5A,0.91291,0.20533,0.14,0.308
383,TCP10,5.0062000000000005e-06,0.70944,0.437,1.203
384,MAP1S,0.4197,0.22107,0.12,0.436
385,ZIC1,0.9337799999999999,0.076697,0.026,0.364
386,DNER,0.1859,0.24333000000000002,0.142,0.439
387,gene,[],[],[],[]
388,PAQR9,0.1367,0.30277,0.137,0.783
389,SPAST,0.99939,0.0868,0.039,0.224
390,CHRNB2,0.00072964,0.45561,0.266,0.822
391,NDUFA10,6.2418e-08,0.7016600000000001,0.462,1.097
392,CHRNA1,2.0681e-08,0.7008800000000001,0.468,1.079
393,FAT2,6.023e-18,0.40408,0.324,0.507
394,DIAPH1,0.91507,0.19730999999999999,0.125,0.32
395,LOC100289361,[],[],[],[]
396,NDUFAF5,3.1138e-10,0.80065,0.547,1.201
397,CAMSAP1,0.99985,0.13248,0.077,0.239
398,POLR1A,0.9998,0.1687,0.113,0.256
399,NRXN3,1.0,0.023512,0.007,0.112
400,SLC26A4,8.9898e-22,0.88638,0.676,1.175
401,NAGA,1.7703e-11,0.8784799999999999,0.606,1.303
402,IREB2,0.9999100000000001,0.11317999999999999,0.061,0.223
403,NGLY1,1.5117e-13,0.68474,0.501,0.95
404,PIEZO2,8.099200000000001e-07,0.28486,0.22,0.371
405,DHODH,0.0029884,0.41394,0.234,0.778
406,SHKBP1,7.8108e-08,0.48433999999999994,0.334,0.718
407,LYST,0.015026,0.23864000000000002,0.186,0.307
408,TRAF7,0.021818999999999998,0.27579000000000004,0.173,0.456
409,ATP8A1,0.1999,0.23313000000000003,0.16,0.346
410,PPP1R26,,,,
411,SAMM50,4.8795e-09,0.60249,0.415,0.893
412,MYLK,9.1706e-12,0.39808000000000004,0.303,0.528
413,BCL6B,0.046898,0.30065,0.164,0.593
414,ANP32B,0.9582700000000001,0.069731,0.024,0.331
415,UHRF1BP1L,0.004250199999999999,0.27455,0.187,0.412
416,CAPN6,0.81903,0.17223,0.084,0.394
417,COL6A3,1.8131000000000002e-20,0.4489,0.36,0.562
418,VPS13D,1.0748999999999999e-06,0.26529,0.213,0.332
419,BCAM,1.1031999999999999e-08,0.56301,0.388,0.835
420,COL4A2,3.5842e-15,0.4495,0.348,0.585
421,MIF4GD,6.7828e-09,0.9436,0.613,1.495
422,CHRNG,3.3338e-19,0.9652299999999999,0.718,1.316
423,KDM1A,0.9966700000000001,0.14687999999999998,0.083,0.276
424,POMC,0.00011658,0.74024,0.42,1.384
425,KDM6A,1.0,0.070167,0.034,0.161
426,SIRPG,3.4759999999999997e-15,1.227,0.861,1.747
427,WDR37,0.56642,0.2089,0.113,0.412
428,PKHD1,1.1656999999999998e-47,0.58027,0.495,0.681
429,SPTBN5,8.222399999999997e-118,0.9407700000000001,0.834,1.062
430,TELO2,7.2029e-14,0.67202,0.494,0.927
431,MORN3,1.5357000000000002e-07,0.80307,0.514,1.301
432,ITPKC,0.15241,0.25154,0.142,0.472
433,EFTUD1P1,[],[],[],[]
434,MYH2,3.6703000000000005e-23,0.54572,0.437,0.686
435,ADNP,1.0,0.025868000000000002,0.008,0.123
436,TPM2,0.00023947,0.47398,0.285,0.827
437,TMEM231,3.1399e-07,0.74844,0.479,1.213
438,USP1,0.9969100000000001,0.099271,0.044,0.257
439,CELSR1,0.9999399999999999,0.16835,0.115,0.25
440,CHRNB1,5.0456000000000005e-08,0.64653,0.432,0.996
441,NOVA1,0.99621,0.0,0.0,0.182
442,MUC16,8.270299999999998e-112,0.68108,0.611,0.759
443,ECEL1,4.7923e-13,0.6026699999999999,0.443,0.831
444,PTPN5,0.0014227999999999999,0.33814,0.212,0.56
445,HCN4,0.9986700000000001,0.092366,0.041,0.239
446,PYROXD1,6.2976e-09,0.6441600000000001,0.44,0.966
447,NT5C,0.0027291999999999998,0.59716,0.311,1.252
448,NPHP1,1.241e-17,0.72937,0.552,0.975
449,CASK,1.0,0.0,0.0,0.073
450,KDM6B,1.0,0.061331,0.029,0.14
451,CHRNA2,6.453200000000001e-10,0.8291200000000001,0.56,1.259
452,NAGLU,1.3654999999999999e-08,0.60213,0.411,0.903
453,PCOLCE2,5.4571e-11,0.8236100000000001,0.568,1.221
454,BGN,0.45228999999999997,0.20232999999999998,0.082,0.637
455,SBF1,0.9993299999999999,0.1746,0.117,0.265
456,PUM1,1.0,0.049979,0.022,0.129
457,MICAL2,2.1766e-12,0.5032800000000001,0.374,0.686
458,LRP2,0.9999899999999999,0.19529000000000002,0.154,0.249
459,TTC7A,1.5359000000000002e-31,1.0074,0.796,1.285
460,DVL2,1.3575999999999998e-05,0.42021000000000003,0.277,0.657
461,FOXE1,0.79203,0.0,0.0,0.576
462,PAPOLG,0.9979,0.13488,0.073,0.266
463,OTOP2,3.5925e-14,0.97491,0.69,1.404
464,IFIH1,6.9819e-44,1.2467,1.01,1.548
465,NRSN1,0.00030819,0.77104,0.421,1.499
466,ZNF292,1.0,0.074664,0.041,0.14
467,PKD1,1.0,0.12050999999999999,0.082,0.179
468,SKI,0.9990100000000001,0.040872000000000006,0.014,0.194
469,CSNK2A1,0.98711,0.12992,0.063,0.297
470,ASXL1,1.2511e-14,0.58868,0.441,0.794
471,COL7A1,2.4411e-40,0.50351,0.427,0.595
472,SMG6,0.98164,0.18433,0.117,0.299
473,ITGB4,9.528700000000002e-19,0.50549,0.397,0.648
474,DBH,3.3352e-10,0.68461,0.477,1.005
475,SPOP,0.9992200000000001,0.0,0.0,0.144
476,ATP5H,0.00045999,0.70697,0.386,1.387
477,FRMD7,0.72983,0.1831,0.089,0.419
478,PDE4D,0.9998,0.079828,0.035,0.206
479,CYP11B1,8.245e-07,0.6007100000000001,0.39,0.955
480,ADAMTSL3,1.3662000000000002e-19,0.5073,0.401,0.647
481,FAM186A,8.3001e-27,0.63693,0.513,0.796
482,SEC14L5,5.092699999999999e-22,0.9391700000000001,0.714,1.25
483,CHMP4B,0.9577100000000001,0.0,0.0,0.302
484,AGRN,5.4727e-07,0.31914000000000003,0.237,0.435
485,REEP1,0.9863200000000001,0.0,0.0,0.23
486,ARHGAP32,0.9997799999999999,0.15984,0.103,0.254
487,ACTG2,0.071036,0.29886,0.155,0.628
488,MED14,1.0,0.01933,0.006,0.092
489,CHKB,3.7830999999999995e-07,0.58602,0.386,0.916
490,TAP2,6.799e-08,0.52474,0.358,0.787
491,EHMT1,1.0,0.015125999999999999,0.004,0.072
492,ADAMTS13,5.1408999999999996e-15,0.51542,0.393,0.683
493,AKNA,0.00012945,0.30949,0.215,0.454
494,PIK3C2A,0.010126000000000001,0.25355,0.181,0.359
495,NUBPL,1.0705e-05,0.56126,0.352,0.929
496,WFS1,1.6230999999999999e-38,1.6193,1.273,1.93
497,BCAP31,0.43366000000000005,0.20649,0.083,0.65
498,SLC16A2,0.9882799999999999,0.0,0.0,0.223
499,SF3B4,0.9917600000000001,0.0,0.0,0.208
500,MYH3,6.7197e-21,0.49887,0.397,0.63
